segment,avg_geometry_stress_delta_5d,avg_geometry_curvature_5_10,avg_vol_geometry_gap,success_rate_when_geometry_accelerating,success_rate_when_geometry_decelerating,success_rate_when_vol_geometry_diverge,success_rate_when_vol_geometry_confirm
wins,-0.025959730331173686,-0.0026687072483761566,0.07400077172497743,0.45835488877392655,0.5416451112260735,0.04449042938437662,0.3248836006207967
losses,0.01911535484140932,0.0021587057494350994,0.09711592658672663,0.0,0.0,0.0,0.0
