strike,dte,bid,ask,mid,delta,iv,underlying,spot,vix,daily_sigma_points,target_strike,premium,distance_from_spot,distance_sigma,premium_total,spread_pct,pnl_flat,pnl_plus_0_5,pnl_plus_1,pnl_plus_1_5,pnl_plus_2,max_upside_drag,score,decision,reject_reasons,recommendation_mode
745,2,1.55,1.71,1.63,0.18,0.164,SPY,740.25,16.8,7.834069632062254,744.1670348160311,1.63,4.75,0.6063259867591453,814.9999999999999,0.09815950920245395,815.0,2381.813926412442,2406.593036793779,2014.8895551906571,1623.1860735875462,4644.069632062267,-810.4243712217936,ACCEPT,,NO_HMM_CONTEXT
743,1,1.46,1.58,1.52,0.22,0.161,SPY,740.25,16.8,7.834069632062254,744.1670348160311,1.52,2.75,0.35103083443950517,760.0,0.0789473684210527,760.0,1743.2965183968895,1351.593036793779,959.8895551906571,568.1860735875462,5699.069632062267,-1234.6743712217935,ACCEPT,,NO_HMM_CONTEXT
747,2,0.98,1.16,1.07,0.15,0.168,SPY,740.25,16.8,7.834069632062254,744.1670348160311,1.07,6.75,0.8616211390787853,535.0,0.1682242990654205,535.0,2101.813926412442,3126.593036793779,2734.889555190657,2343.1860735875466,3924.069632062267,-838.4243712217933,REJECT,Premium below minimum 1.40,NO_HMM_CONTEXT
744,1,1.18,1.3,1.24,0.2,0.159,SPY,740.25,16.8,7.834069632062254,744.1670348160311,1.24,3.75,0.4786784105993252,620.0,0.09677419354838718,620.0,2103.2965183968895,1711.593036793779,1319.8895551906571,928.1860735875471,5339.0696320622665,-1248.674371221793,REJECT,Premium below minimum 1.40,NO_HMM_CONTEXT
742,1,1.32,1.46,1.39,0.24,0.162,SPY,740.25,16.8,7.834069632062254,744.1670348160311,1.39,1.75,0.2233832582796851,694.9999999999999,0.1007194244604316,695.0,1178.2965183968895,786.593036793779,394.8895551906571,3.186073587547071,6264.0696320622665,-1497.424371221793,REJECT,Premium below minimum 1.40; Distance sigma below minimum 0.35,NO_HMM_CONTEXT
