model_name,horizon,accuracy,adjacent_tolerant_accuracy,severe_miss_rate,brier_vol_expansion,brier_vix_spike,risk_bucket_accuracy,false_alarm_rate,missed_risk_rate,vix_directional_accuracy,vvix_directional_accuracy,rv_directional_accuracy,combined_vol_directional_accuracy,avg_lead_quality,notes
hmm_v4_path_aware_meta,1,0.18945868945868946,0.4793447293447293,0.5206552706552706,0.7200854700854701,0.0876068376068376,0.4793447293447293,0.0,0.5206552706552706,0.6217948717948718,0.6303418803418803,0.6844729344729344,0.6455365622032289,0.45584045584045585,
hmm_v4_path_aware_meta,2,0.3121881682109765,0.4533143264433357,0.5466856735566643,0.7320028510334996,0.1397006414825374,0.4533143264433357,0.0,0.5466856735566643,0.5837491090520314,0.5851746258018532,0.5937277263007841,0.5875504870515561,0.47042052744119744,
hmm_v4_path_aware_meta,3,0.34736091298145505,0.4450784593437946,0.5549215406562055,0.7232524964336662,0.1704707560627675,0.4450784593437946,0.0,0.5549215406562055,0.5699001426533523,0.5706134094151213,0.5670470756062768,0.5691868758915835,0.47075606276747506,
